complaint_id,state_code,status,error,thread_id,wall_time_ms,rewrite_count,event_count,total_stage_latency_ms,total_stage_tokens,total_stage_attempts,fallback_stages,raw_complaint,scrubbed_text,product_type,issue_type,severity,compliance_risk,classification_confidence,root_cause,root_cause_evidence_ids,remediation_status,remediation_route,remediation_actions,audit_verdict,audit_reason_codes,audit_must_fix_items,final_response,final_explanation,stage_telemetry_json,classification_json,diagnosis_json,remediation_json,audit_result_json,response_draft_json,explanation_json,intake_model,intake_latency_ms,intake_tokens,intake_attempts,intake_used_fallback,product_classifier_model,product_classifier_latency_ms,product_classifier_tokens,product_classifier_attempts,product_classifier_used_fallback,issue_classifier_model,issue_classifier_latency_ms,issue_classifier_tokens,issue_classifier_attempts,issue_classifier_used_fallback,root_cause_model,root_cause_latency_ms,root_cause_tokens,root_cause_attempts,root_cause_used_fallback,remediator_model,remediator_latency_ms,remediator_tokens,remediator_attempts,remediator_used_fallback,response_writer_model,response_writer_latency_ms,response_writer_tokens,response_writer_attempts,response_writer_used_fallback,response_auditor_model,response_auditor_latency_ms,response_auditor_tokens,response_auditor_attempts,response_auditor_used_fallback,explainer_model,explainer_latency_ms,explainer_tokens,explainer_attempts,explainer_used_fallback
sample-1,NY,completed,,34160760-730d-4b62-89d1-c986d1b71a72,26739,0,9,26716,12203,10,remediator | response_writer | response_auditor | explainer,"Someone stole my identity last week, opened a checking account using my name, and started transferring money out of my real account. My name is Jane Smith, SSN 111-22-3333.","Someone stole my identity last week, opened a checking account using my name, and started transferring money out of my real account. My name is Jane Smith, SSN [SSN].",CHECKING_SAVINGS_ACCOUNT,Problem with a lender or other company charging your account,CRITICAL,HIGH,0.95,Inadequate identity verification during account opening enabling synthetic identity fraud and unauthorized ACH transfers,14501269 | 8103456 | 10551083,ok,continue,Acknowledge complaint receipt | Open investigation and assign owner | Provide written update and final outcome,PASS,,,"Acknowledgment:
We understand the concern described in your complaint and appreciate the chance to review it.

Findings:
We will review your problem with a lender or other company charging your account concern using the applicable complaint-resolution steps.
Current findings point to Inadequate identity verification during account opening enabling synthetic identity fraud and unauthorized ACH transfers. This response addresses your reported problem with a lender or other company charging your account concern on the checking savings account account.
Policy Labels: SLA window: 30 calendar days; Regulatory basis: Dummy regular norm: general complaint baseline

Action Steps:
1. Acknowledge complaint receipt
2. Open investigation and assign owner
3. Provide written update and final outcome

Timeline / Next Steps:
We will follow up within 30 calendar days with the next status update or any additional information needed.","- [classification] Classified the complaint as CHECKING_SAVINGS_ACCOUNT / Problem with a lender or other company charging your account with confidence 0.95.
- [diagnosis] Diagnosis identified Inadequate identity verification during account opening enabling synthetic identity fraud and unauthorized ACH transfers. (14501269:Managing an account, 8103456:Problem with a company's investigation into an existing problem)
- [remediation] Remediation produced 3 ordered action steps under Dummy regular norm: general complaint baseline. (Dummy regular norm: general complaint baseline)
- [response] Final response states: We will review your problem with a lender or other company charging your account concern using the applicable complaint-resolution steps. It preserves the four-block customer format. (SLA window: 30 calendar days, Regulatory basis: Dummy regular norm: general complaint baseline)
- [audit] Audit verdict was PASS with 0 outstanding reason codes.","[{""attempts"": 0, ""latency_ms"": 1, ""model"": ""pii-scrubber-v1"", ""node"": ""intake"", ""timestamp"": 1776009195.2604759, ""tokens"": 0, ""used_fallback"": false}, {""attempts"": 1, ""latency_ms"": 4152, ""model"": ""llama-3.3-70b-versatile"", ""node"": ""product_classifier"", ""timestamp"": 1776009199.4160442, ""tokens"": 1282, ""used_fallback"": false}, {""attempts"": 1, ""latency_ms"": 440, ""model"": ""llama-3.3-70b-versatile"", ""node"": ""issue_classifier"", ""timestamp"": 1776009199.8573089, ""tokens"": 668, ""used_fallback"": false}, {""attempts"": 1, ""latency_ms"": 7081, ""model"": ""qwen/qwen3-32b"", ""node"": ""root_cause"", ""timestamp"": 1776009206.9396334, ""tokens"": 1342, ""used_fallback"": false}, {""attempts"": 1, ""latency_ms"": 6429, ""model"": ""qwen/qwen3-32b"", ""node"": ""remediator"", ""timestamp"": 1776009213.3703778, ""tokens"": 1023, ""used_fallback"": true}, {""attempts"": 2, ""latency_ms"": 1978, ""model"": ""llama-3.3-70b-versatile"", ""node"": ""response_writer"", ""timestamp"": 1776009215.3496974, ""tokens"": 1763, ""used_fallback"": true}, {""attempts"": 2, ""latency_ms"": 4129, ""model"": ""qwen/qwen3-32b"", ""node"": ""response_auditor"", ""timestamp"": 1776009219.480248, ""tokens"": 1696, ""used_fallback"": true}, {""attempts"": 2, ""latency_ms"": 2506, ""model"": ""llama-3.3-70b-versatile"", ""node"": ""explainer"", ""timestamp"": 1776009221.9884098, ""tokens"": 4429, ""used_fallback"": true}]","{""compliance_risk"": ""HIGH"", ""confidence"": 0.95, ""issue_type"": ""Problem with a lender or other company charging your account"", ""product_type"": ""CHECKING_SAVINGS_ACCOUNT"", ""severity"": ""CRITICAL""}","{""ambiguity_flag"": ""CLEAR"", ""evidence"": [{""citation"": {""date"": ""2025-07-05"", ""id"": ""14501269"", ""issue"": ""Managing an account"", ""product"": ""Checking or savings account""}, ""rank"": 1, ""score"": 0.6981, ""summary"": ""Fraudulent account opening using stolen identity credentials to initiate unauthorized fund transfers""}, {""citation"": {""date"": ""2024-01-05"", ""id"": ""8103456"", ""issue"": ""Problem with a company's investigation into an existing problem"", ""product"": ""Credit reporting or other personal consumer reports""}, ""rank"": 2, ""score"": 0.675, ""summary"": ""Identity compromise leading to unauthorized business account creation and financial exploitation""}, {""citation"": {""date"": ""2024-10-23"", ""id"": ""10551083"", ""issue"": ""Problem with a lender or other company charging your account"", ""product"": ""Checking or savings account""}, ""rank"": 3, ""score"": 0.6576, ""summary"": ""Synthetic identity theft resulting in business account takeover and persistent unauthorized transactions despite dispute attempts""}], ""root_cause"": ""Inadequate identity verification during account opening enabling synthetic identity fraud and unauthorized ACH transfers""}","{""action_plan"": [{""action"": ""Acknowledge complaint receipt"", ""order"": 1, ""policy_reference"": ""Dummy regular norm: general complaint baseline""}, {""action"": ""Open investigation and assign owner"", ""order"": 2, ""policy_reference"": ""Dummy regular norm: general complaint baseline""}, {""action"": ""Provide written update and final outcome"", ""order"": 3, ""policy_reference"": ""Dummy regular norm: general complaint baseline""}], ""policy_citations"": {""legal_citations"": [{""layer"": ""mock"", ""note"": ""LEGAL_MCP_USE_MOCK_FALLBACK is enabled; not live law."", ""publisher"": ""FinComplaint AI (offline fallback)"", ""title"": ""Local policy norms dataset (mock / simulation)"", ""url"": ""file://mcp_server/mock_regulations.json""}, {""excerpt"": """", ""layer"": ""federal"", ""publisher"": ""GovInfo (U.S. GPO)"", ""title"": ""Agency Information Collection Activities: Information Collection Renewal; Submission for OMB Review; Reg E-Prepaid Accounts"", ""url"": ""https://www.govinfo.gov/app/details/FR-2026-02-24""}, {""excerpt"": """", ""layer"": ""federal"", ""publisher"": ""GovInfo (U.S. GPO)"", ""title"": ""Expeditionary Culture Field Guide: United Arab Emirates"", ""url"": ""https://www.govinfo.gov/app/details/GOVPUB-D301-PURL-gpo93499""}, {""excerpt"": """", ""layer"": ""federal"", ""publisher"": ""GovInfo (U.S. GPO)"", ""title"": ""Privacy Act Issuance for the Department of State, 2027"", ""url"": ""https://www.govinfo.gov/app/details/PAI-2027-STATE-interim""}, {""excerpt"": """", ""layer"": ""federal"", ""publisher"": ""GovInfo (U.S. GPO)"", ""title"": ""Interagency Guidelines Concerning the Accuracy and Integrity of Information Furnished to Consumer Reporting Agencies"", ""url"": ""https://www.govinfo.gov/app/details/CFR-2025-title12-vol3""}, {""excerpt"": """", ""layer"": ""federal"", ""publisher"": ""GovInfo (U.S. GPO)"", ""title"": ""Commentary"", ""url"": ""https://www.govinfo.gov/app/details/CFR-2025-title12-vol3""}, {""excerpt"": """", ""layer"": ""federal"", ""publisher"": ""GovInfo (U.S. GPO)"", ""title"": ""Department of Energy's Receipt of Royalty Oil"", ""url"": ""https://www.govinfo.gov/app/details/GOVPUB-E-PURL-gpo6281""}, {""excerpt"": """", ""layer"": ""federal"", ""publisher"": ""GovInfo (U.S. GPO)"", ""title"": ""Privacy Act Issuance for the Department of State, 2025"", ""url"": ""https://www.govinfo.gov/app/details/PAI-2025-STATE""}, {""excerpt"": """", ""layer"": ""federal"", ""publisher"": ""GovInfo (U.S. GPO)"", ""title"": ""Computerized Meter Resetting System."", ""url"": ""https://www.govinfo.gov/app/details/CFR-2025-title39-vol1""}, {""excerpt"": ""A 2127 — REFERRED TO CORPORATIONS, AUTHORITIES AND COMMISSIONS"", ""layer"": ""state"", ""publisher"": ""Open States (state legislation)"", ""title"": ""A 2127 Relates to establishing the Hudson Valley power authority, and providing for its powers and duties"", ""url"": ""https://openstates.org/ny/bills/2025-2026/A2127/""}, {""excerpt"": ""A 9015 — REFERRED TO INSURANCE"", ""layer"": ""state"", ""publisher"": ""Open States (state legislation)"", ""title"": ""A 9015 Establishes the insurance and housing task force"", ""url"": ""https://openstates.org/ny/bills/2025-2026/A9015/""}, {""excerpt"": ""S 3332 — REFERRED TO BANKS"", ""layer"": ""state"", ""publisher"": ""Open States (state legislation)"", ""title"": ""S 3332 Provides for income access services in the state"", ""url"": ""https://openstates.org/ny/bills/2025-2026/S3332/""}, {""excerpt"": ""A 9346 — REFERRED TO CITIES"", ""layer"": ""state"", ""publisher"": ""Open States (state legislation)"", ""title"": ""A 9346 Incorporates the city of Staten Island"", ""url"": ""https://openstates.org/ny/bills/2025-2026/A9346/""}, {""excerpt"": ""A 7636 — REFERRED TO WAYS AND MEANS"", ""layer"": ""state"", ""publisher"": ""Open States (state legislation)"", ""title"": ""A 7636 Relates to franchise tax on banking corporations"", ""url"": ""https://openstates.org/ny/bills/2025-2026/A7636/""}, {""excerpt"": ""A 3006 — SUBSTITUTED BY S3006C"", ""layer"": ""state"", ""publisher"": ""Open States (state legislation)"", ""title"": ""A 3006 Enacts into law major components of legislation necessary to implement the state education, labor, housing and family assistance budget for the 2025-2026 state fiscal year"", ""url"": ""https://openstates.org/ny/bills/2025-2026/A3006/""}], ""product_type"": ""CHECKING_SAVINGS_ACCOUNT"", ""regulatory_basis"": ""Dummy regular norm: general complaint baseline"", ""required_actions"": [""Acknowledge complaint receipt"", ""Open investigation and assign owner"", ""Provide written update and final outcome""], ""sla_window"": ""30 calendar days""}, ""route"": ""continue"", ""status"": ""ok""}","{""critique_summary"": ""Response satisfies structure, policy-grounding, and customer-safe tone checks."", ""must_fix_items"": [], ""reason_codes"": [], ""rewrite_recommended"": false, ""verdict"": ""PASS""}","{""acknowledgment"": ""We understand the concern described in your complaint and appreciate the chance to review it."", ""action_steps"": [""Acknowledge complaint receipt"", ""Open investigation and assign owner"", ""Provide written update and final outcome""], ""critique_items_addressed"": [], ""findings"": ""Current findings point to Inadequate identity verification during account opening enabling synthetic identity fraud and unauthorized ACH transfers. This response addresses your reported problem with a lender or other company charging your account concern on the checking savings account account."", ""policy_citation_labels"": [""SLA window: 30 calendar days"", ""Regulatory basis: Dummy regular norm: general complaint baseline""], ""resolution_statement"": ""We will review your problem with a lender or other company charging your account concern using the applicable complaint-resolution steps."", ""timeline_next_steps"": ""We will follow up within 30 calendar days with the next status update or any additional information needed.""}","{""bullets"": [{""citations"": [], ""stage"": ""classification"", ""summary"": ""Classified the complaint as CHECKING_SAVINGS_ACCOUNT / Problem with a lender or other company charging your account with confidence 0.95.""}, {""citations"": [""14501269:Managing an account"", ""8103456:Problem with a company's investigation into an existing problem""], ""stage"": ""diagnosis"", ""summary"": ""Diagnosis identified Inadequate identity verification during account opening enabling synthetic identity fraud and unauthorized ACH transfers.""}, {""citations"": [""Dummy regular norm: general complaint baseline""], ""stage"": ""remediation"", ""summary"": ""Remediation produced 3 ordered action steps under Dummy regular norm: general complaint baseline.""}, {""citations"": [""SLA window: 30 calendar days"", ""Regulatory basis: Dummy regular norm: general complaint baseline""], ""stage"": ""response"", ""summary"": ""Final response states: We will review your problem with a lender or other company charging your account concern using the applicable complaint-resolution steps. It preserves the four-block customer format.""}, {""citations"": [], ""stage"": ""audit"", ""summary"": ""Audit verdict was PASS with 0 outstanding reason codes.""}]}",pii-scrubber-v1,1,0,0,False,llama-3.3-70b-versatile,4152,1282,1,False,llama-3.3-70b-versatile,440,668,1,False,qwen/qwen3-32b,7081,1342,1,False,qwen/qwen3-32b,6429,1023,1,True,llama-3.3-70b-versatile,1978,1763,2,True,qwen/qwen3-32b,4129,1696,2,True,llama-3.3-70b-versatile,2506,4429,2,True
